id,title,tags,url
347053,"신장 140cm 버튜버가 되었다",{'TS', '게임', '버튜버', '현대', '인터넷방송', '일상'},https://novelpia.com/novel/347053
347783,"중세 판타지 속 물법사가 되었다",{'성장', '판타지', '중세'},https://novelpia.com/novel/347783
313537,"삼국지 속 검은머리 외국인",{'판타지', '하렘', '대체역사', '성장', '삼국지', '밑바닥', '로우파워', '연희'},https://novelpia.com/novel/313537
255753,"쿠데타 하겠습니다.",{'유신', '세계대전', '대체역사', '쿠데타', '전간기', '대한제국'},https://novelpia.com/novel/255753
316047,"천재 감독은 미래 어플을 쓴다",{'하렘', '드라마', '연예계', '착각', '시스템', '배우', '감독', '영화', '현대판타지'},https://novelpia.com/novel/316047
313008,"무공 그렇게 쓰는 거 아닌데",{'천재', '먼치킨', '무협', '전생', '퓨전', '순애'},https://novelpia.com/novel/313008
96311,"아카데미 흑막의 딸이 되었다",{'TS', '판타지', '게임', '피폐', '집착', '코미디', '착각', '성장', '빙의', '아카데미'},https://novelpia.com/novel/96311
330397,"무림 속 히로인들이 배드 엔딩을 로드함",{'하렘', '집착', '무협', '성장', '게임빙의'},https://novelpia.com/novel/330397
242989,"중세 판타지의 마법사가 되었다",{'판타지', '중세', '마법사'},https://novelpia.com/novel/242989
194441,"여자가 되었으니, 버튜버 합니다.",{'TS', '버튜버', '현대', '노맨스', '연예계', '유쾌', '인터넷방송', '힐링', '일상'},https://novelpia.com/novel/194441
308395,"개체들에게서 살아남기",{'판타지', '현대', '괴이', '현대판타지', '괴담'},https://novelpia.com/novel/308395
73524,"악녀를 갱생시켜라",{'판타지', '츤데레', '착각', '라이트노벨', '순애', '로맨스', '로맨스판타지', '중세', '일상', '복수'},https://novelpia.com/novel/73524
357983,"미궁 도시에서 살아남기",{'판타지', '던전', '전생', '성장', '미궁', '중세', '기사'},https://novelpia.com/novel/357983
347256,"나 혼자만 아포칼립스 에임핵",{'이능력', '판타지', '생존', '게이트', '먼치킨', '현대', '현대판타지', '아포칼립스'},https://novelpia.com/novel/347256
346814,"빌런들이 집착하는 기가차드가 되었다",{'판타지', '하렘', '드라마', '집착', '다크판타지', '먼치킨', '갱생', '착각', '기가차드', '이세계'},https://novelpia.com/novel/346814
328089,"소설 속 악역 골키퍼가 되었다",{'천재', '현대', '빙의', '순애', '스포츠', '축구', '일상'},https://novelpia.com/novel/328089
101172,"무협 미연시의 오랑캐 글쟁이",{'하렘', '무협', '코미디', '작가물', '착각', '일상'},https://novelpia.com/novel/101172
347122,"말랑한 미식가",{'TS', '판타지', '요리', '먹방', '여행', '힐링', '일상', '미식'},https://novelpia.com/novel/347122
313965,"해결사물의 귀여움 담당이 되었다",{'TS', '나데나데', '판타지', '전생', '노맨스', '코미디', '착각', 'SF'},https://novelpia.com/novel/313965
342570,"농사짓는 SSS+급 헌터",{'헌터', '먼치킨', '농사', '농장경영', '현대판타지', '자원무한'},https://novelpia.com/novel/342570
308608,"다크 판타지 정상화",{'판타지', '하렘', '먼치킨'},https://novelpia.com/novel/308608
347173,"사이버펑크 게임 속 성녀가 되었다",{'TS', 'SF', '사이버펑크', '빙의', '성녀', '현대판타지'},https://novelpia.com/novel/347173
119597,"아카데미 훈수빌런이 되다",{'하렘', '집착', '먼치킨', '라이트노벨', '빙의', '빌런', '아카데미', '현대판타지'},https://novelpia.com/novel/119597
290659,"무공 뭐 별거 없더라",{'판타지', '하렘', '천재', '먼치킨', '무협', '성장', '성장형', '퓨전'},https://novelpia.com/novel/290659
314965,"성녀의 속마음이 들린다",{'판타지', '집착', '츤데레', '착각', '순애', '로맨스'},https://novelpia.com/novel/314965
307953,"아카데미 천재 검성이 되었다",{'판타지', '하렘', '먼치킨', '전생', '성장', '성장형먼치킨', '러브코미디', '아카데미'},https://novelpia.com/novel/307953
346826,"풀돌풀재 흑우 버튜버는 재벌집 막내딸",{'TS', '게임', '버튜버', '코미디', '라이트노벨', '인터넷방송', '갤러리'},https://novelpia.com/novel/346826
291265,"야구 소설 속 엑스트라",{'하렘', '드라마', '천재', '먼치킨', '현대', '라이트노벨', '빙의', '로맨스', '스포츠'},https://novelpia.com/novel/291265
331224,"초월자들에게 애호받는 갤러리 뉴비가 되었다",{'판타지', '게임', '탑등반', '하렘', '집착', '성장', '갤러리', '커뮤니티', '이세계'},https://novelpia.com/novel/331224
292772,"히로인들을 배신하는 흑막이 되었다",{'판타지', '하렘', '집착', '먼치킨', '착각', '흑막', '빙의', '구원', '아카데미'},https://novelpia.com/novel/292772
352560,"던전 속 미치광이 과학자 아닙니다",{'히어로', '집착', '먼치킨', '경영', '착각', '흑막', '후회', '빌런', '현대판타지'},https://novelpia.com/novel/352560
332333,"호랑이 교관은 오해받기 쉬운 사람",{'판타지', '하렘', '먼치킨', '일상', '둔감'},https://novelpia.com/novel/332333
297802,"남녀역전 게임 속 인기 npc",{'판타지', '야생인', '하렘', '먼치킨', '현대', 'NPC', '인터넷방송', '중세', '남녀역전', '이세계'},https://novelpia.com/novel/297802
87382,"귀환했더니 인방합니다",{'TS', '판타지', '게임', '기타', '현대', '귀환', '인터넷방송', '현대판타지'},https://novelpia.com/novel/87382
347465,"노빠꾸 축구선수가 되겠다.",{'현대', '전생', '재능', '노빠꾸', '성장형먼치킨', '순애', '스포츠', '사이다', '축구', '일상'},https://novelpia.com/novel/347465
46706,"진화하는 우주괴물이 되었다",{'판타지', '인외', '현대', '전생', '성장', 'SF'},https://novelpia.com/novel/46706
320059,"재벌집 막내딸이 되었다",{'TS', '정치', '천재', '현대', '전생', '경영', '금융', '일상', '재벌'},https://novelpia.com/novel/320059
359807,"판타지 속 대현자로 착각당했다",{'코미디', '판타지', '착각'},https://novelpia.com/novel/359807
352066,"축구게임 랭커는 패스길이 다 보임",{'귀화', '능력치', '레전드', '성장', '환생', '순애', '스포츠', '축구', '스킬'},https://novelpia.com/novel/352066
306899,"판타지 속 북부 기사로 살아남기",{'판타지', '영지', '중세', '기사'},https://novelpia.com/novel/306899
347847,"스킬 해금하는 모험가가 되었다",{'판타지', '낭만', '북부', '먼치킨', '마법', '성장', '스킬', '모험가'},https://novelpia.com/novel/347847
118288,"2인자는 회귀했다",{'판타지', '회귀', '코미디', '얀데레', '라이벌', '메가데레', '순애', '로맨스', '중세', '소프트'},https://novelpia.com/novel/118288
336982,"실패한 실험체가 되었다",{'판타지', '현대판타지', '괴수', '히어로'},https://novelpia.com/novel/336982
285308,"버튜버를 안 하면 죽는다고요!",{'TS', '버튜버', '현대', '아이돌', '인터넷방송', '일상'},https://novelpia.com/novel/285308
339016,"친구 여동생은 특별하다",{'집착', '현대', '역키잡', '여동생', '라이트노벨', '순애', '로맨스', '일상', '러브코미디', '현대판타지'},https://novelpia.com/novel/339016
331261,"아포칼립스에서 제작스킬로 살아남습니다",{'벙커', '생존', '좀비', '현대', '괴생명체', '돌연변이', '핵전쟁', '빙의', '현대판타지', '아포칼립스'},https://novelpia.com/novel/331261
336316,"버튜버의 빨간약이 보여",{'커뮤니티', '하렘', '버튜버', '먼치킨', '코미디', '현대', '인터넷방송', '코인', '일상', '돈지랄'},https://novelpia.com/novel/336316
78991,"귀환했지만, 총을 놓을 수는 없습니다",{'TS', '현대', '가상현실', '밀리터리', '써줘용', '인터넷방송', '몬무스', 'FPS', '전투', '일상'},https://novelpia.com/novel/78991
337299,"이세계 사상범이 되었다",{'판타지', '천재', '전쟁', '사상범', '순애', '중세', '빌런', '아카데미'},https://novelpia.com/novel/337299
330953,"고트의 후계자가 되었다",{'TS', '먼치킨', '전생', '현대', '성장', '스포츠', '인터넷방송', '프로게이머', '현대판타지', '롤'},https://novelpia.com/novel/330953
330800,"덕질하는 천재 작곡가",{'천재', '집착', '회귀', '현대', '연예계', '착각', '순애', '로맨스', '일상', '구원'},https://novelpia.com/novel/330800
347837,"본관은 입국심사관입니다!",{'판타지', '하렘', '공무원', '이종족', '중세'},https://novelpia.com/novel/347837
141671,"최약체 마왕의 스승이 되었다",{'게임판타지', '판타지', '먼치킨', '경영', '역키잡', '성장', '빙의', '육아'},https://novelpia.com/novel/141671
355086,"재벌집 막내딸은 맘대로 삽니다",{'TS', '천재', '현대', '전생', '인터넷방송', '힐링', '일상', '재벌'},https://novelpia.com/novel/355086
29912,"메인 히로인들이 나를 죽이려 한다",{'판타지', '피폐', '하렘', '착각', '라이트노벨', '후회', '아카데미'},https://novelpia.com/novel/29912
347787,"AI들에게 사랑받는 해커가 되었다",{'TS', '백합', '하렘', '먼치킨', '환생', '성장', 'SF', '사이버펑크', '현대판타지'},https://novelpia.com/novel/347787
209139,"날 버린 스승들이 내게 집착한다",{'판타지', '하렘', '회귀', '선생', '먼치킨', '착각', '검틀딱', '사이다', '스승', '아카데미'},https://novelpia.com/novel/209139
324482,"야구 선수가 진짜로 막 나감",{'현대', '개망나니', '스포츠', '망나니', '일상', '현대판타지', '야구'},https://novelpia.com/novel/324482
348160,"황녀의 사랑받는 아빠가 됐다",{'판타지', '피폐', '하렘', '집착', '역키잡', '얀데레', '근세', '로맨스', '후회', '유사근친'},https://novelpia.com/novel/348160
314912,"성녀님, 천박하세요!",{'판타지', '약간매운맛', '순애', '로맨스', '몸교체TS'},https://novelpia.com/novel/314912
156655,"아카데미 천재지휘관이 되었다",{'판타지', '정치', '하렘', '전생', '경영', '전략', '중세'},https://novelpia.com/novel/156655
311095,"후원하던 세계가 진짜였다",{'판타지', '하렘', '집착', '착각', '후원', '빙의', '컨셉'},https://novelpia.com/novel/311095
155194,"배신당한 레드는 악의 수장이 된다",{'히어로', '피폐', '하렘', '집착', '먼치킨', '현대', '착각', '빙의', '후회', '현대판타지'},https://novelpia.com/novel/155194
225334,"13년간 모신 악녀가 쓰러졌다.",{'판타지', '하렘', '피폐', '집착', '착각', '후회'},https://novelpia.com/novel/225334
249027,"빌어먹을 가족들이 다시 생겼다.",{'판타지', '피폐', '착각', '빙의', '로맨스', '순애', '중세', '후회'},https://novelpia.com/novel/249027
283012,"아카데미의 핑챙 무투가",{'TS', '판타지', '백합', '환생', '아카데미'},https://novelpia.com/novel/283012
236362,"맹박사님이 빅이어를 원함.",{'순애', '회귀', '축구', '스포츠'},https://novelpia.com/novel/236362
330850,"아카데미에서 천재 마법사로 살아남기",{'판타지', '하렘', '집착', '먼치킨', '성장형', '중세', '아카데미'},https://novelpia.com/novel/330850
321237,"미궁도시의 플레시골렘",{'판타지', '하렘', '먼치킨', '전생', '미궁', '중세'},https://novelpia.com/novel/321237
308821,"나 혼자만 솔플러",{'판타지', '게임', '탑등반', '먼치킨', '성장', '현대판타지'},https://novelpia.com/novel/308821
312477,"게임 속 암흑기사가 되었다",{'판타지', '하렘', '코미디', '게임빙의', '모험', '기사'},https://novelpia.com/novel/312477
332184,"큰손매니지먼트-별풍선이 계속 생김",{'하렘', '여캠', '엑셀', '게임방송', '순애', '인터넷방송', '현대판타지', '큰손'},https://novelpia.com/novel/332184
219439,"서울 오브젝트 이야기",{'TS', '판타지', '인외', '현대', '먼치킨', '현대판타지'},https://novelpia.com/novel/219439
232253,"주치의는 악녀를 고치고 도망쳤다",{'판타지', '집착', '성장', '의사', '로맨스'},https://novelpia.com/novel/232253
283246,"외신은 온기가 필요해요.",{'TS', '판타지', '인외', '먼치킨', '피카레스크', '외신'},https://novelpia.com/novel/283246
202874,"야겜 속 재벌이 되었다",{'하렘', '집착', '현대', '착각', '빙의', '사이다', '현대판타지', '재벌'},https://novelpia.com/novel/202874
320438,"튜토리얼의 귀환자가 되었다",{'판타지', '탑등반물', '현대', '무협', '성장형먼치킨'},https://novelpia.com/novel/320438
347986,"로판 속 2인자가 되었다.",{'판타지', '중세'},https://novelpia.com/novel/347986
51066,"절대 엘드미아 에가를 건드리지 마라",{'판타지', '하렘', '전생', '환생', '중세'},https://novelpia.com/novel/51066
347764,"은퇴 히어로의 말로",{'히어로', '빌런', '현대판타지', '이능'},https://novelpia.com/novel/347764
326696,"집구석 소환사",{'라이트노벨', '현대판타지', '하렘', '소환사'},https://novelpia.com/novel/326696
346751,"회귀한 검은 머리 감독은 미쳤다.",{'상태창', '현대', '스포츠', '축구', '감독'},https://novelpia.com/novel/346751
357772,"초월급 헌터의 스트리밍",{'TS', '판타지', '게임', '먼치킨', '현대', '인터넷방송', '갤러리', '현대판타지'},https://novelpia.com/novel/357772
358490,"우주시대의 외신은 성좌로 활동합니다",{'판타지', '하렘', '인외', '일상', '환생', '스페이스오페라', 'SF', '외신', '가끔인간화', '성좌'},https://novelpia.com/novel/358490
344236,"몰락하는 대공녀의 곁에는 나밖에 없다",{'판타지', '게임', '집착', '먼치킨', '약피폐', '순애', '북부대공', '중세', '구원', '아카데미'},https://novelpia.com/novel/344236
346762,"만 년동안 돌을 굴린 시시포스가 하산했다",{'판타지', '하렘', '집착', '먼치킨', '성장'},https://novelpia.com/novel/346762
347085,"로판 속 주인공이 나만 좋아함",{'무한회귀', '판타지', '집착', '착각', '게임시스템', '순애', '로맨스', '로맨스판타지'},https://novelpia.com/novel/347085
310025,"버튜버지만, 출근합니다",{'TS', '나데나데', '버튜버', '현대', '인터넷방송', '일상'},https://novelpia.com/novel/310025
307138,"야구 만화 속 라이벌은 건강하고싶다",{'하렘', '현대', '성장', '라이트노벨', '스포츠', '야구'},https://novelpia.com/novel/307138
96051,"구라 안치고 진짜 엑스트라",{'판타지', '현대', '코미디', '유쾌', '성장', '아카데미', '액션'},https://novelpia.com/novel/96051
358760,"판타지에서 나 혼자 무공 씀",{'TS', '판타지', '판타지티에스무공', '먼치킨', '무협', '코미디', '착각', '게임빙의', '중세', '판티무'},https://novelpia.com/novel/358760
26536,"주술사는 초월을 원한다",{'판타지', '회귀', '현대', '현대판타지', '아포칼립스'},https://novelpia.com/novel/26536
349687,"게임 속 고인물 파일럿이 되었다",{'판타지', '하렘', '집착', '메카', 'SF', '메카닉'},https://novelpia.com/novel/349687
301376,"SF 똥겜의 사령관이 되었다.",{'게임', '하렘', '상태창', '집착', '전략', 'SF', '가챠', '갤러리', '커뮤니티'},https://novelpia.com/novel/301376
357728,"갱생 안 하는 악역 영애가 나에게만 상냥함",{'판타지', '하렘', '악역영애', '집착', '전생', '로맨스', '아카데미'},https://novelpia.com/novel/357728
347542,"대한제국의 최고존엄이 되었다",{'판타지', '세계대전', '공산주의', '근대', '대체역사', '전생', '제국주의', '조선', '대한제국'},https://novelpia.com/novel/347542
81003,"아카데미 최약체는 마족 한정 먼치킨이 되었다",{'판타지', '하렘', '먼치킨', '성장', '라이트노벨', '빙의', '아카데미'},https://novelpia.com/novel/81003
347697,"던전 보스 아니고 청소부",{'판타지', '던전', '청소', '착각', '시스템', '라이트노벨', '중세'},https://novelpia.com/novel/347697
330363,"부캐 키우는 황태자님",{'판타지', '하렘', '착각', '먼치킨'},https://novelpia.com/novel/330363
307482,"빌런이 천직임",{'이능력', '판타지', '히어로', '하렘', '집착', '현대', '라이트노벨', '빙의', '빌런', '현대판타지'},https://novelpia.com/novel/307482
233386,"프롤로그에서 30년이 흘렀다",{'판타지', '아카데미', '하렘', '먼치킨'},https://novelpia.com/novel/233386
291706,"악역영애 버튜버는 사람을 찢어",{'TS', '게임', '버튜버', '악역영애', '현대', '가상현실', '인터넷방송', '일상'},https://novelpia.com/novel/291706
166431,"아카데미 실눈캐가 되었습니다",{'판타지', '느린전개', '하렘', '먼치킨', '라이트노벨', '만담', '아카데미'},https://novelpia.com/novel/166431
307001,"자그마한 너구리 신령님",{'판타지', '비일상', '현대', '힐링', '일상', '현대판타지'},https://novelpia.com/novel/307001
211768,"TS미소녀기타리스트의 수기",{'TS', '천재', '먼치킨', '코미디', '현대', '연예계', '음악', '밴드', '빙의', '일상'},https://novelpia.com/novel/211768
253974,"양철 기사가 되었다",{'판타지', '하렘', '빙의', '모험', '동화풍', '액션'},https://novelpia.com/novel/253974
178019,"회귀가 너무 과하다",{'판타지', '탑등반', '회귀', '루프', '회귀과함', '데스게임'},https://novelpia.com/novel/178019
343657,"악룡인데 키웠던 용사에게 역키잡 당함",{'판타지', '집착', '역키잡', '착각', '순애', '로맨스', '힐링', '아카데미', '육아'},https://novelpia.com/novel/343657
232659,"실무림",{'무협', '환생', '라이트노벨', '순애', '관료'},https://novelpia.com/novel/232659
293214,"해방시킨 노예들이 집착한다",{'판타지', '피폐', '육성', '집착', '하렘', '착각', '구원', '빙의', '캣파이트', '노예'},https://novelpia.com/novel/293214
232515,"돌아온 포수는 우승을 하고 싶다",{'현대', '시스템', '성장', '성장형먼치킨', '순애', '스포츠', '일상', '현대판타지', '야구'},https://novelpia.com/novel/232515
29958,"살육에 미친 스트리머",{'TS', '백합', '판타지', '집착', '먼치킨', '현대', '착각', '라이트노벨', '인터넷방송', '일상'},https://novelpia.com/novel/29958
355196,"아니 나 말고 쟤가 성녀라니까?",{'TS', '백합', '착각', 'SF', '사이버펑크', '성녀', '현대판타지'},https://novelpia.com/novel/355196
156911,"마나 살 돈 없어서 인방함",{'TS', '나데나데', '가상현실게임', '초반약피폐', '먼치킨', '노맨스', '유년기', '인터넷방송', '일상', '현대판타지'},https://novelpia.com/novel/156911
346719,"이세계 보스몹 갤러리",{'판타지', '헌터', '탑등반', '하렘', '집착', '성장', '보스몹', '갤러리', '커뮤니티', '현대판타지'},https://novelpia.com/novel/346719
300623,"이세계 멸망 갤러리",{'주딱', '판타지', '커뮤니티', '파딱', '중세', '갤러리', '일상', '아포칼립스', '이세계'},https://novelpia.com/novel/300623
141676,"6★ 가챠 캐릭터가 되었다",{'판타지', '게임', '하렘', '6성가챠', '가상현실', 'NPC', '인터넷방송'},https://novelpia.com/novel/141676
217039,"황녀들이 집착하는 호위기사가 되었다",{'판타지', '하렘', '회귀', '집착', '먼치킨', '착각', '로맨스', '캣파이트'},https://novelpia.com/novel/217039
329669,"날 혐오하는 여주에게 파혼을 선언했다",{'판타지', '피폐', '하렘', '집착', '착각', '성장형먼치킨', '빙의', '후회', '구원'},https://novelpia.com/novel/329669
331843,"게임 속 거물들의 후견인이 되었다",{'판타지', '하렘', '집착', '전생', '착각', '흑막', '게임빙의'},https://novelpia.com/novel/331843
306947,"배드 엔딩 이후의 세계",{'판타지', '피폐', '하렘', '집착', '빙의', '후회', '아카데미'},https://novelpia.com/novel/306947
298951,"아이돌 때려치고 버튜버로 전향합니다",{'TS', '초반피폐', '버튜버', '상태창', '현대', '전생', '게임빙의', '아이돌', '인터넷방송', '힐링'},https://novelpia.com/novel/298951
345830,"[블루아카이브]  떠나지 마세요, 선생님",##블루아카이브;##집착;##루프;##착각;##패러디,https://novelpia.com/novel/345830
342676,"서울 드래곤",{'TS', '판타지', '먼치킨', '현대', '노맨스', '이종족', '일상'},https://novelpia.com/novel/342676
325363,"버튜버들의 마마가 되었다",{'TS', '직업물', '버튜버', '현대', '퇴폐', '일상'},https://novelpia.com/novel/325363
282632,"팔다리 없어도 게임함.",{'TS', '가상현실게임', '먼치킨', '현대', '착각', '일상', '챌린지'},https://novelpia.com/novel/282632
363208,"무한과금 네크로맨서",##무한과금;##인터넷방송;##이세계지구;##능력자;##현대판타지;##테토남,https://novelpia.com/novel/363208
346687,"스마트폰 IN 무림학관",{'판타지', '하렘', '무협', '정■통■무협', '게임빙의', '성장형먼치킨', '커뮤니티', '아카데미'},https://novelpia.com/novel/346687
340636,"학원도시 개사기 만능 잡캐가 되었다",{'판타지', '하렘', '현대', '착각', '성장', '성장형먼치킨', '빙의', '학원도시', '아카데미', '현대판타지'},https://novelpia.com/novel/340636
362598,"장르를 착각해 전쟁영웅이 되어버렸다",##착각;##빙의;##하렘;##판타지;##먼치킨,https://novelpia.com/novel/362598
347556,"히틀러 막는 영국 재벌",{'정치', '세계대전', '피폐', '전쟁', '집착', '대체역사', '전간기', '후회', '나치', '재벌'},https://novelpia.com/novel/347556
282480,"드래곤의 알을 주웠다",{'판타지', '하렘', '집착', '현대', '역키잡', '얀데레', '힐링', '일상', '육아'},https://novelpia.com/novel/282480
355558,"무협지 속 동기부여 마검이 되었다",{'집착', '무협', '착각', '후회', '마검'},https://novelpia.com/novel/355558
322218,"명문가 데릴사위는 이혼하고 싶다",{'판타지', '하렘', '회귀', '집착', '중세', '후회'},https://novelpia.com/novel/322218
225105,"던전 몬스터들이 자꾸 제물을 바친다",{'판타지', '집착', '던전', '먼치킨', '현대', '착각', '후회', '이세계'},https://novelpia.com/novel/225105
242412,"이세계 TRPG 게임마스터",{'판타지', '하렘', '드라마', '먼치킨', '갱생', 'TRPG', '전생', '착각', '중세', '아카데미'},https://novelpia.com/novel/242412
346855,"여신이 나만 애호함",{'코미디', '판타지', '신화', '착각'},https://novelpia.com/novel/346855
45208,"천하제일인의 소꿉친구",{'판타지', '하렘', '회귀', '무협', '라이트노벨'},https://novelpia.com/novel/45208
346889,"전략게임 속 악의제국 건설기",{'판타지', '정치', '전쟁', '코미디', '착각', '왕국육아물', '게임빙의', '책사'},https://novelpia.com/novel/346889
347243,"카드 게임은 중대 문제다",{'판타지', '카드게임', '하렘', '카드배틀', '먼치킨', '아카데미'},https://novelpia.com/novel/347243
326385,"생활관리국 민원대응실",{'판타지', '느린전개', '하렘', '전생', '라이트노벨', '모험'},https://novelpia.com/novel/326385
354088,"곰인형이 계속 진화함",{'판타지', '인외', '상태창', '전생', '환생', '진화'},https://novelpia.com/novel/354088
359511,"초월자 커뮤니티의 이야기꾼이 되었다",{'판타지', '하렘', '드라마', '집착', '착각', '성장', '갤러리', '커뮤니티', '현대판타지'},https://novelpia.com/novel/359511
300620,"파산 직전 아카데미의 재무부장이 되었다",{'판타지', '하렘', '돈은항상옳다', '재무부장', '아카데미'},https://novelpia.com/novel/300620
307751,"학원도시 인권캐가 되었다",{'하렘', '집착', '성장', '게임빙의', '로맨스', '일상', '학원도시', '아카데미', '현대판타지'},https://novelpia.com/novel/307751
346998,"다크 판타지 속 특성 수집하는 까마귀가 되었다",{'판타지', '인외', '상태창', '성장', '진화'},https://novelpia.com/novel/346998
355248,"결국 배신당한 순애는 이만 갈아타겠습니다",{'판타지', '피폐', '집착', '얀데레', '미래시', '세탁없음', '순애', '로맨스판타지', '후회', '배신'},https://novelpia.com/novel/355248
196657,"혼밥 못하는 여마법사의 전속요리사",{'판타지', '요리', '먹방', '순애', '중세', '일상'},https://novelpia.com/novel/196657
356028,"판타지 속 주작이 되었다",{'판타지', '인외', '사신수', '착각', '라이트노벨', '중세'},https://novelpia.com/novel/356028
346708,"빙의했는데 스토리를 모른다.",{'판타지', '게임', '전생', '성장', '중세', '모험'},https://novelpia.com/novel/346708
350411,"마왕님에게 애호받는 요리사가 되었다.",{'판타지', '요리', '피폐', '집착', '하렘', '먼치킨', '착각', '키잡', '빙의', '구원'},https://novelpia.com/novel/350411
313425,"랭킹 1위는 자산 100조 여아쟝",{'TS', '게임', '먼치킨', '코미디', '노맨스', '현대', '착각', '인터넷방송', '갤러리', '일상'},https://novelpia.com/novel/313425
282210,"무협지 속 진화하는 도마뱀이 되었다",{'판타지', '인외', '상태창', '무협', '전생', '진화', '도마뱀', '공룡'},https://novelpia.com/novel/282210
297236,"취미로 배우하는 버튜버",{'TS', '버튜버', '현대', '전생', '연예계', '착각', '인터넷방송', '일상', '배우물'},https://novelpia.com/novel/297236
332744,"성좌들이 만든 내 팬 갤러리에 잠입했다",{'TS', '탑', '판타지', '헌터', '착각', '퓨전', '빙의', '갤러리', '성좌'},https://novelpia.com/novel/332744
358245,"먼치킨 신살자는 성좌가 되었다.",{'판타지', '하렘', '먼치킨', '현대', '신', '성좌', '현대판타지'},https://novelpia.com/novel/358245
288864,"탑 등반하는 여우신 버튜버",{'TS', '버튜버', '착각', '등반', '인터넷방송', '현대판타지'},https://novelpia.com/novel/288864
97161,"로판 속 공무원",{'판타지', '하렘', '라이트노벨', '빙의', '중세', '일상', '아카데미파견공무원'},https://novelpia.com/novel/97161
355448,"여자가 되었으니 기사 할게요.",{'TS', '판타지', '낭만', '먼치킨', '현대', '인터넷방송', '모험'},https://novelpia.com/novel/355448
282194,"피폐 공녀의 가정교사가 되었다",{'판타지', '집착', '역키잡', '얀데레', '빙의', '순애', '육아'},https://novelpia.com/novel/282194
251984,"아카데미 특별전형 생도가 되었다",{'판타지', '나데나데', '피폐', '하렘', '집착', '맹인', '성장형먼치킨', '일상', '아카데미', '현대판타지'},https://novelpia.com/novel/251984
49942,"전지적 1인칭 시점",{'판타지', '하렘', '착각'},https://novelpia.com/novel/49942
353365,"소꿉친구랑 커플 브이로그 찍었더니 조회수가 미쳤다",{'현대', '유튜브', '브이로그', '라이트노벨', '순애', '로맨스', '소꿉친구', '러브코미디'},https://novelpia.com/novel/353365
358598,"던전의 1층 수문장이 되었다.",{'판타지', '낭만', '먼치킨', '무협', '착각', '던전운영', '중세'},https://novelpia.com/novel/358598
203509,"미소녀 게임 속 검술 천재가 되었다",{'판타지', '하렘', '집착', '먼치킨', '착각', '성장', '라이트노벨', '아카데미', '현대판타지', '약한남녀역전'},https://novelpia.com/novel/203509
327930,"위키 작성하는 광신도 버튜버",{'TS', '버튜버', '아이템', '인터넷방송', '이상현상', '위키', '현대판타지'},https://novelpia.com/novel/327930
308241,"던전도시의 만물식당",{'판타지', '요리', '던전', '경영', '식당', '빙의', '중세', '일상'},https://novelpia.com/novel/308241
233265,"대나무숲의 관리자",{'하렘', '집착', '현대', '일상', '라이트노벨', '커뮤니티'},https://novelpia.com/novel/233265
325323,"재앙급 괴담 사원으로 착각당함",{'하렘', '어반', '현대', '착각', '괴이', '현대판타지', '괴담'},https://novelpia.com/novel/325323
154110,"아카데미의 사령술사가 되었다.",{'판타지', '하렘', '집착', '먼치킨', '라이트노벨', '교수', '빙의', '아카데미'},https://novelpia.com/novel/154110
347507,"마법소녀ㄴ은 은퇴하고 싶다",{'마법소녀', '하렘', '현대', '쇼타'},https://novelpia.com/novel/347507
330315,"[TS] 컨셉방송 스트리머",{'TS', '현대', '유쾌', '착각', '인터넷방송', '일상'},https://novelpia.com/novel/330315
173203,"지잡 아카데미와 폐급 히로인들",{'하렘', '현실적인캣파이트', '라이트노벨', '아카데미', '짭중세'},https://novelpia.com/novel/173203
263218,"조선에서 갑질해요",{'대체역사', '판타지', '중세', '전생'},https://novelpia.com/novel/263218
201091,"그런 악질 방송 안ㅣ에요",{'TS', '게임', '현대', '인터넷방송', '일상'},https://novelpia.com/novel/201091
340328,"악녀의 약혼남이 되었다",{'판타지', '착각', '순애', '로맨스', '중세', '아카데미'},https://novelpia.com/novel/340328
331799,"마법 쓰는 공무원이 되었다",{'TS', '판타지', '먼치킨', '노맨스', '착각'},https://novelpia.com/novel/331799
288795,"무림 속 검은머리 외국인",{'하렘', '무협', '기환무협', '성장', '퓨전', '퓨전무협'},https://novelpia.com/novel/288795
354038,"마법소녀는 변신을 풀고 싶다",{'TS', '현대', '먼치킨', '마법소녀', '현대판타지'},https://novelpia.com/novel/354038
338178,"분명 2인자입니다만?",{'판타지', '하렘', '먼치킨', '착각', '선협향첨가'},https://novelpia.com/novel/338178
346691,"숨만 쉬었더니, 노력 천재가 되었다",{'하렘', '현대', '착각', '성장', '오해', '전문가', '아카데미', '현대판타지'},https://novelpia.com/novel/346691
352039,"얼음 위 연기 천재가 되었다",{'TS', '현대', '노맨스', '스포츠', '피겨스케이팅', '일상', '연기'},https://novelpia.com/novel/352039
351176,"괴이 게임에 치트모드를 적용시켰다.",{'게임', '먼치킨', '치트', '괴이', '빙의', '갤러리', '현대판타지', '괴담'},https://novelpia.com/novel/351176
309369,"마법사가 살아가는 법",{'판타지', '퓨전', '마법사'},https://novelpia.com/novel/309369
347751,"아카데미 천재 공학자가 되었다",{'TS', '판타지', '환생', '중세', '공학', '아카데미'},https://novelpia.com/novel/347751
239336,"천하제일인은 스트리머로 전직했다",{'게임', '먼치킨', '무협', '현대', '가상현실', '스트리밍', '인터넷방송'},https://novelpia.com/novel/239336
353661,"장르 착각 엑스트라 생존기",{'판타지', '하렘', '착각', '성장형먼치킨', '중세'},https://novelpia.com/novel/353661
359594,"성검을 지키는 수호룡이 되었다",{'TS', '판타지', '먼치킨', '드래곤', '라이트노벨', '일상'},https://novelpia.com/novel/359594
351085,"우결 컨텐츠였는데 상대가 진심이다",{'순애', '로맨스', '현대', '인터넷방송'},https://novelpia.com/novel/351085
153386,"고인물 스트라이커는 미쳤다.",{'예능', '먼치킨', '코미디', '방송', '유쾌', '돌아이', '스포츠', '축구', '고인물'},https://novelpia.com/novel/153386
361296,"보급치트로 전쟁의 신이 되었다",{'판타지', '하렘', '전쟁', '빙의', '중세'},https://novelpia.com/novel/361296
353791,"다크 판타지 속 화가가 살아 남는 법",{'판타지', '집착', '다크판타지', '착각', '외신'},https://novelpia.com/novel/353791
358611,"최애의 엄마가 연기를 너무 잘함",{'TS', '현대', '연예계', '빙의', '마망', '일상', '배우물', '육아'},https://novelpia.com/novel/358611
346867,"[삼국지] 유비군의 천금후원자",{'정치', '하렘', '대체역사', '연희아님', '전략', '삼국지'},https://novelpia.com/novel/346867
349465,"히로인의 최종보스가 되었다",{'판타지', '피폐', '하렘', '집착', '다크판타지', '흑화', '후회', '타락'},https://novelpia.com/novel/349465
354537,"멸망신이 되었다",{'TS', '게임', '먼치킨', '빙의', '현대판타지'},https://novelpia.com/novel/354537
348619,"서브 컬쳐계의 신이 되었다",{'드라마', '회귀', '만화', '라이트노벨', '작가', '현대판타지', '아공간'},https://novelpia.com/novel/348619
52791,"미래에서 온 연애편지",{'판타지', '아카데미', '하렘'},https://novelpia.com/novel/52791
356504,"나만 괴이의 호감도가 보인다",{'게임', '먼치킨', '치트', '괴이', '빙의', '갤러리', '현대판타지', '괴담'},https://novelpia.com/novel/356504
355989,"EXSSSSSS급 외우주의 왕이 되었다",{'판타지', '탑등반', '하렘', '집착', '상태창', '먼치킨', '착각', '성장', '라이트노벨', '현대판타지'},https://novelpia.com/novel/355989
228071,"판타지 속 웬디고가 되었다.",{'판타지', '인외', '웬디고', '전생', '중세'},https://novelpia.com/novel/228071
307104,"나 보스몹 아니라니까?",{'판타지', '하렘', '인외', '던전', '집착', '먼치킨', '착각', '보스', '중세'},https://novelpia.com/novel/307104
343815,"세계수(초대형 장작)가 되었다.",{'판타지', '인외', '육성', '전생', '성장', '세계수', '신'},https://novelpia.com/novel/343815
332746,"회귀한 2군 여포가 야구를 잘함",{'회귀', '현대', '스포츠', '일상', '야구'},https://novelpia.com/novel/332746
347037,"비처녀 판별해드립니다.",{'판타지', '하렘', '코미디', '착각', '약피폐', '라이트노벨'},https://novelpia.com/novel/347037
307498,"원수를 지키는 망나니 기사",{'판타지', '피폐', '집착', '얀데레', '애증', '순애', '로맨스', '중세', '후회', '구원'},https://novelpia.com/novel/307498
357361,"국가권력급 전쟁영웅이 되었다",{'판타지', '전열보병', '전쟁', '환생', '전략', '빙의', '화약', '책사'},https://novelpia.com/novel/357361
346713,"나만 괴이에게 애호 받는다",{'하렘', '착각', '괴이', '조교', '어반판타지', '현대판타지', '괴담'},https://novelpia.com/novel/346713
300042,"잘생기면 인생이 편하다",{'하렘', '회귀', '먼치킨', '전생', '현대', '연예계', '배우', '일상', '현대판타지'},https://novelpia.com/novel/300042
267540,"천마신교 이중첩자",{'무협', '성장'},https://novelpia.com/novel/267540
354178,"부패 영주가 상태창을 각성함",{'판타지', '하렘'},https://novelpia.com/novel/354178
316286,"전쟁 명장으로 착각당했다",{'판타지', '정치', '하렘', '전쟁', '근대', '전생', '코미디', '착각'},https://novelpia.com/novel/316286
200574,"아카데미에 야생인이 들어왔다",{'판타지', '하렘', '착각', '성장형먼치킨', '아카데미'},https://novelpia.com/novel/200574
330355,"신들의 무기 독식자가 되었다",{'헌터', '하렘', '먼치킨', '현대', '착각', '현대판타지', '정상화'},https://novelpia.com/novel/330355
274451,"괴이관리국의 사무직으로 살아남기",{'어반판타지', '하렘', '현대판타지', '어반'},https://novelpia.com/novel/274451
341641,"치트 스킬로 망국에서 살아남기",{'판타지', '하렘', '착각', '마법사', '게임빙의', '중세', '망나니'},https://novelpia.com/novel/341641
347096,"무림마조",{'무협', '소프트SM', '하렘', '소프트얀데레'},https://novelpia.com/novel/347096
327855,"이거 야겜 아니었어요?",{'판타지', '구원', '하렘', '착각'},https://novelpia.com/novel/327855
346873,"아카데미 회귀자를 따라갑니다",{'판타지', '하렘', '회귀', '집착', '먼치킨', '착각', '아카데미'},https://novelpia.com/novel/346873
6269,"용사 파티 때려치웁니다",{'TS', '판타지', '아카데미', '먼치킨'},https://novelpia.com/novel/6269
140690,"아카데미 창술사가 되었다",{'판타지', '하렘', '천재', '집착', '착각', '성장', '라이트노벨', '로맨스', '아카데미'},https://novelpia.com/novel/140690
216786,"잘 키운 아이돌 셋이면 고백 공격을 한다.",{'회귀', '집착', '코미디', '얀데레', '착각', '성장', '아이돌', '로맨스', '캣파이트', '현대판타지'},https://novelpia.com/novel/216786
359564,"나만 재능이 보여",{'판타지', '하렘', '용병'},https://novelpia.com/novel/359564
308439,"방접은 죽어서 하세요",{'TS', '버츄얼', '버튜버', '회귀', '현대', '인터넷방송', '현대판타지'},https://novelpia.com/novel/308439
326517,"중세시대 검희가 되었다",{'TS', '판타지', '착각', '먼치킨'},https://novelpia.com/novel/326517
284734,"용사의 여자들을 납치했다",{'판타지', '하렘', '착각', '키잡', '빙의', '망나니', '빌런'},https://novelpia.com/novel/284734
51457,"■■을 위한 세계는 없다",{'판타지', '하렘', 'ㅁㅁ세계', '현대', '대체역사', '현대판타지'},https://novelpia.com/novel/51457
237679,"안전한 헌터생활 안내서를 주웠다",{'TS', '판타지', '백합', '헌터', '약피폐', '현대판타지', '괴담'},https://novelpia.com/novel/237679
233173,"죽었다 깨어도 수선",{'TS', '천재', '무협', '노맨스', '환생', '선협'},https://novelpia.com/novel/233173
341804,"인맥빨 스트리머",{'TS', '판타지', '현대', '전생', '노맨스', '인터넷방송', '일상'},https://novelpia.com/novel/341804
348083,"주인공이 존나 강함",{'판타지', '헌터', '하렘', '집착', '먼치킨', '현대', '사이다', '현대판타지', '근본헌터문학'},https://novelpia.com/novel/348083
356832,"종말 갤러리로 문화승리",{'헌터', '하렘', '집착', '성장', '라이트노벨', '갤러리', '커뮤니티', '현대판타지'},https://novelpia.com/novel/356832
15366,"판타지 세상에서 작가로 살아가는 법",{'판타지', '하렘', '착각', '라이트노벨', '중세'},https://novelpia.com/novel/15366
344332,"튜토리얼만 하다가 회귀했다",{'판타지', '탑', '하렘', '회귀', '집착', '무협', '퓨전', '후회', '현대판타지'},https://novelpia.com/novel/344332
341543,"일편검심 [一片劍心]",{'TS', '판타지', '무협', '먼치킨'},https://novelpia.com/novel/341543
224071,"귀환자의 아포칼립스 생활",{'생존', '좀비', '라이트노벨', '약간하렘', '일상', '현대판타지', '약간먼치킨', '아포칼립스'},https://novelpia.com/novel/224071
347217,"괴담 회사 즉사기",{'하렘', '현대', '퇴마', '착각', '라이트노벨', '현대판타지', '즉사', '괴담'},https://novelpia.com/novel/347217
306917,"그리스의 방랑기사",{'판타지', '게임빙의', '그리스로마신화', '중세'},https://novelpia.com/novel/306917
359622,"로판 속 공략 대상은 도망쳤다",{'판타지', '요리', '피폐', '집착', '힐링', '후회', '커피'},https://novelpia.com/novel/359622
264382,"아카데미 악당영애 교정하기",{'판타지', '피폐', '하렘', '집착', '로맨스', '후회', '아카데미', '현대판타지'},https://novelpia.com/novel/264382
350595,"제자들 기술이 표절임",{'판타지', '하렘', '착각', '중세'},https://novelpia.com/novel/350595
355198,"망나니 용사를 너무 잘 키웠다",{'판타지', '하렘', '육성', '먼치킨', '아카데미'},https://novelpia.com/novel/355198
353281,"먼치킨 귀환용사 스트리밍",{'하렘', '먼치킨', '코미디', '현대', '스트리밍', '라이트노벨', '인터넷방송', '힐링', '일상', '약한남녀역전'},https://novelpia.com/novel/353281
50356,"[삼국지]병주일지(并州日誌)",{'느린전개', '하렘', '대체역사', '삼국지', '연희'},https://novelpia.com/novel/50356
232223,"추방물에 나오는 길드장이 되었다",{'판타지', '낭만', '집착', '먼치킨', '얀데레', '역키잡', '라이트노벨', '순애', '착각계'},https://novelpia.com/novel/232223
298596,"이세계 흑막상인이 되었다.",{'판타지', '하렘', '전생', '경영', '흑막', '라이트노벨', '상인', '중세', '영지'},https://novelpia.com/novel/298596
344760,"악역 영애를 너무 잘 키워버렸다",{'판타지', '하렘', '전생', '중세', '아카데미'},https://novelpia.com/novel/344760
354148,"핵으로 몰길래, 합법 핵을 가져왔다",{'TS', '먼치킨', '현대', '종합게임', '인터넷방송', '초능력'},https://novelpia.com/novel/354148
342192,"사람을 죽였는데 레벨이 오른다",{'헌터', '생존', '게이트', '하렘', '먼치킨', '착각', '성장', '빌런', '현대판타지', '아포칼립스'},https://novelpia.com/novel/342192
282408,"최애 그룹의 멤버가 되었다!",{'TS', '나데나데', '버튜버', '회귀', '현대', '착각', '인터넷방송', '힐링', '일상'},https://novelpia.com/novel/282408
337718,"기연으로 착각당했다",{'하렘', '집착', '먼치킨', '무협', '역키잡', '착각'},https://novelpia.com/novel/337718
211237,"과금으로 키운다",{'판타지', '하렘', '부자', '성장', '퓨전', '아카데미'},https://novelpia.com/novel/211237
349041,"[삼국지] 유비안티가 유비군이 되다",{'대체역사', '삼국지', '하렘', '연희X'},https://novelpia.com/novel/349041
355928,"TS육수 방송 맞는데요",{'TS', '현대', '인터넷방송', '일상', '스트리머'},https://novelpia.com/novel/355928
144920,"악당에게 사랑받는 운명입니다",{'판타지', '하렘', '상태창', '착각', '아카데미'},https://novelpia.com/novel/144920
338332,"역사상 최고의 천재가 되었다",{'판타지', '하렘', '집착', '먼치킨', '전생', '착각', '라이트노벨'},https://novelpia.com/novel/338332
346864,"무협 게임에 치트모드를 적용했다",{'판타지', '하렘', '먼치킨', '무협', '착각', '빙의'},https://novelpia.com/novel/346864
327879,"히로인에게 회귀를 빼앗겼다",{'하렘', '집착', '성장형먼치킨', '빙의', '후회', '아카데미', '현대판타지'},https://novelpia.com/novel/327879
130356,"아카데미에서 나 혼자 마력고자가 되었다.",{'판타지', '하렘', '현대', '착각', '라이트노벨', '로맨스', '아카데미', '현대판타지'},https://novelpia.com/novel/130356
326040,"마법 좋아좋아좋아",{'TS', '판타지', '빙의', '마법사'},https://novelpia.com/novel/326040
194093,"먼치킨 스킬 도둑이 되었다",{'판타지', '피폐', '하렘', '집착', '회귀', '먼치킨', '돚거', '성장형먼치킨', '후회', '아카데미'},https://novelpia.com/novel/194093
338815,"제갈세가의 빡통년이 되었다.",{'TS', '무협', '먼치킨'},https://novelpia.com/novel/338815
102155,"괴담 호텔 탈출기",{'판타지', '탑등반물', '현대판타지'},https://novelpia.com/novel/102155
337855,"금태양인데 동정인 걸 들켰다",{'판타지', '하렘', '집착', '비처녀없음', '캣파이트', '남녀역전', '아카데미'},https://novelpia.com/novel/337855
259527,"나의 어린 대공녀님",{'TS', '백합', '판타지', '집착', '얀데레', '역키잡', '빙의', '순애', '역조교'},https://novelpia.com/novel/259527
339678,"이세계 성좌 갤러리",{'헌터', '하렘', '일상', '성장', '갤러리', '커뮤니티', '현대판타지', '아포칼립스'},https://novelpia.com/novel/339678
313385,"미친년이 연기를 너무 잘함",{'TS', '버튜버', '먼치킨', '코미디', '노맨스', '연예계', '현대', '착각', '인터넷방송', '배우'},https://novelpia.com/novel/313385
195925,"어쩌다 보니 대예언가?!",{'예언', '판타지', '하렘', '집착', '현대', '점쟁이', '막장', '착각', '라이트노벨', '야매'},https://novelpia.com/novel/195925
351807,"이혼 후 존잘 천재로 딸깍",{'판타지', '중딩', '하렘', '회귀', '상태창', '현대', '물리및기술개발', '착각', '2030어렸을때추억', '현대판타지'},https://novelpia.com/novel/351807
347344,"999번 회귀한 다크판타지에 빙의했다",{'판타지', '하렘', '집착', '착각', '라이트노벨', '후회', '영지', '아카데미', '괴담'},https://novelpia.com/novel/347344
275975,"전 버튜버가 하고 싶은데요",{'TS', '현대', '전생', '연예계', '일상', '배우물'},https://novelpia.com/novel/275975
93020,"히어로가 집착하는 악당이 되었다",{'히어로', '현대판타지', '착각'},https://novelpia.com/novel/93020
229672,"엑스칼리버 뽑습니다",{'소드마스터', '판타지', '성좌'},https://novelpia.com/novel/229672
1302,"소설 속의 몬스터가 되었다.",{'판타지', '하렘', '인외', '현대', '전생', '성장', '현대판타지'},https://novelpia.com/novel/1302
275914,"빙의자가 20년간 장르를 착각함.",{'판타지', '하렘', '집착', '먼치킨', '마법', '악녀', '빙의', '캣파이트', '중세', '후회'},https://novelpia.com/novel/275914
339635,"서울 사이버펑크 이야기",{'TS', '사이버펑크', '현대판타지'},https://novelpia.com/novel/339635
355468,"이 세계에는 교황이 필요하다",{'사제', '판타지', '하렘', '집착', '착각', '중세', '오해'},https://novelpia.com/novel/355468
348778,"흑막 가문에게 입양당했다",{'TS', '의존', '백합', '판타지', '집착', '환생', '구원'},https://novelpia.com/novel/348778
349598,"사랑받는 영주가 되다",{'판타지', '정치', '하렘', '드라마', '전생', '착각', '중세', '영지'},https://novelpia.com/novel/349598
221711,"최강 길드에 납치당했다",{'TS', '나데나데', '판타지', '현대', '착각'},https://novelpia.com/novel/221711
319157,"멸망한 이세계의 주딱이 되었다",{'주딱', '판타지', '커뮤니티', '이종족', '중세', '갤러리', '일상', '이세계'},https://novelpia.com/novel/319157
325817,"악녀의 집착을 훔쳤다.",{'판타지', '라이트노벨', '미궁', '하렘'},https://novelpia.com/novel/325817
264866,"환생 30년, 알고 보니 장르가 로판이었다?",{'판타지', '무협', '전생', '성장', '중세', '일상', '아카데미'},https://novelpia.com/novel/264866
347644,"나, 빌런이라니까?",{'히어로', '집착', '현대', '착각', '빌런', '현대판타지'},https://novelpia.com/novel/347644
225478,"늬들이 날 수호룡이라 부르든 말든 난 잘거야.",{'TS', '판타지', '전생', '경영', '드래곤'},https://novelpia.com/novel/225478
351035,"정통 판타지 딸깍",{'TS', '판타지', '먼치킨', '전생', '착각', '중세', '이세계'},https://novelpia.com/novel/351035
331150,"사도세자 그는 빙신인가?",{'대체역사', '영조', '국뽕', '중세', '조선', '사도세자', '정조'},https://novelpia.com/novel/331150
352746,"버튜버 자매를 입양하게 되었다",{'하렘', '버튜버', '집착', '현대', '매니지먼트', '역키잡', '라이트노벨', '인터넷방송', '로맨스', '일상'},https://novelpia.com/novel/352746
307276,"마법 대학에서 살아남기",{'판타지', '전생', '마법', '성장', '대학', '인형술', '선협향첨가'},https://novelpia.com/novel/307276
171807,"방구석 키보드 부두술사",{'헌터', '현대', '인터넷방송', '현대판타지', '스트리머'},https://novelpia.com/novel/171807
356900,"러브코미디 속 학생회가 되었다",{'하렘', '현대', '라이트노벨', '학원', '일상', '러브코미디'},https://novelpia.com/novel/356900
340064,"최애 스트리머를 저격한 천재 탑 라이너",{'게임', '먼치킨', '현대', '순애', '로맨스', '스포츠', '인터넷방송', '프로게이머', '일상', '롤'},https://novelpia.com/novel/340064
330584,"멸망할 제국의 여황제가 되었다",{'TS', '대체역사', '1차세계대전', '전간기', '2차세계대전', '신성로마제국'},https://novelpia.com/novel/330584
289313,"퇴근한 히어로가 내 가게에 자꾸 찾아온다",{'히어로', '하렘', '집착', '현대', '약피폐', '라이트노벨', '줍줍', '힐링', '일상', '현대판타지'},https://novelpia.com/novel/289313
330404,"금태양이 야구를 너무 잘함",{'학원물', '하렘', '드라마', '천재', '먼치킨', '현대', '게임빙의', '라이트노벨', '빙의', '스포츠'},https://novelpia.com/novel/330404
340521,"성녀와 함께하는 귀환 용사의 인방생활",{'헌터', '집착', '먼치킨', '현대', '착각', '순애', '인터넷방송', '일상', '현대판타지', '스트리머'},https://novelpia.com/novel/340521
288115,"EX급 특성 들고 미궁에서 살아남기",{'판타지', '하렘', '던전', '집착', '성장', '미궁', '전이', '사도', '이세계', '모험가'},https://novelpia.com/novel/288115
193562,"섞일 수 없는 이종족 아내들",{'판타지', '피폐', '하렘', '집착', '얀데레', '성장', '캣파이트', '후회'},https://novelpia.com/novel/193562
358579,"귀환한 용사는 S급에게 애호받는다",{'하렘', '집착', '현대', '먼치킨', '귀환', '현대판타지'},https://novelpia.com/novel/358579
49917,"회귀자와 맹인 성녀",{'판타지', '회귀', '성기사', '순애', '로맨스', '로맨스판타지', '성녀'},https://novelpia.com/novel/49917
217943,"이 무림의 미친년은 나야",{'TS', '게임빙의', '무협'},https://novelpia.com/novel/217943
265852,"월클 풀백은 귀족이지",{'역사', '낭만', '귀신', '현대', '성장형먼치킨', '스포츠', '축구', '일상'},https://novelpia.com/novel/265852
342854,"하꼬 버튜버들의 큰손이 됐다",{'버튜버', '돈지랄', '후원', '라이트노벨', '인터넷방송', '무한루프', '현대판타지', '로또당첨'},https://novelpia.com/novel/342854
